t,v
0,0
0.1,0
0.2,0
0.3,0
0.4,0
0.5,0
0.6,0
0.7,0
0.8,0
0.9,0
1,0
1.1,0
1.2,0
1.3,0
1.4,0
1.5,0
1.6,0
1.7,0
1.8,0
1.9,0
2,0
2.1,0
2.2,0
2.3,0
2.4,0
2.5,0
2.6,0
2.7,0
2.8,0
2.9,0
3,0
3.1,0
3.2,0
3.3,0
3.4,0
3.5,0
3.6,0
3.7,0
3.8,0
3.9,0
4,0
4.1,0
4.2,0
4.3,0
4.4,0
4.5,0
4.6,0
4.7,0
4.8,0
4.9,0
5,0
5.1,0
5.2,0
5.3,0
5.4,0
5.5,0
5.6,0
5.7,0
5.8,0
5.9,0
6,0
6.1,0
6.2,0
6.3,0
6.4,0
6.5,0
6.6,0
6.7,0
6.8,0
6.9,0
7,0
7.1,0
7.2,0
7.3,0
7.4,0
7.5,0
7.6,0
7.7,0
7.8,0
7.9,0
8,0
8.1,0
8.2,0
8.3,0
8.4,0
8.5,0
8.6,0
8.7,0
8.8,0
8.9,0
9,0
9.1,0
9.2,0
9.3,0
9.4,0
9.5,0
9.6,0
9.7,0
9.8,0
9.9,0
10,0
10.1,0
10.2,0
10.3,0
10.4,0
10.5,0
10.6,0
10.7,0
10.8,0
10.9,0
11,0
11.1,0
11.2,0
11.3,0
11.4,0
11.5,0
11.6,0
11.7,0
11.8,0
11.9,0
12,0
12.1,0
12.2,0
12.3,0
12.4,0
12.5,0
12.6,0
12.7,0
12.8,0
12.9,0
13,0
13.1,0
13.2,0
13.3,0
13.4,0
13.5,0
13.6,0
13.7,0
13.8,0
13.9,0
14,0
14.1,0
14.2,0
14.3,0
14.4,0
14.5,0
14.6,0
14.7,0
14.8,0
14.9,0
15,0
15.1,0
15.2,0
15.3,0
15.4,0
15.5,0
15.6,0
15.7,0
15.8,0
15.9,0
16,0
16.1,0
16.2,0
16.3,0
16.4,0
16.5,0
16.6,0
16.7,0
16.8,0
16.9,0
17,0
17.1,0
17.2,0
17.3,0
17.4,0
17.5,0
17.6,0
17.7,0
17.8,0
17.9,0
18,0
18.1,0
18.2,0
18.3,0
18.4,0
18.5,0
18.6,0
18.7,0
18.8,0
18.9,0
19,0
19.1,0
19.2,0
19.3,0
19.4,0
19.5,0
19.6,0
19.7,0
19.8,0
19.9,0
20,0
20.1,0
20.2,0
20.3,0
20.4,0
20.5,0
20.6,0
20.7,0
20.8,0
20.9,0
21,0
21.1,0
21.2,0
21.3,0
21.4,0
21.5,0
21.6,0
21.7,0
21.8,0
21.9,0
22,0
22.1,0
22.2,0
22.3,0
22.4,0
22.5,0
22.6,0
22.7,0
22.8,0
22.9,0
23,0
23.1,0
23.2,0
23.3,0
23.4,0
23.5,0
23.6,0
23.7,0
23.8,0
23.9,0
24,0
24.1,0
24.2,0
24.3,0
24.4,0
24.5,0
24.6,0
24.7,0
24.8,0
24.9,0
25,0
25.1,0
25.2,0
25.3,0
25.4,0
25.5,0
25.6,0
25.7,0
25.8,0
25.9,0
26,0
26.1,0
26.2,0
26.3,0
26.4,0
26.5,0
26.6,0
26.7,0
26.8,0
26.9,0
27,0
27.1,0
27.2,0
27.3,0
27.4,0
27.5,0
27.6,0
27.7,0
27.8,0
27.9,0
28,0
28.1,0
28.2,0
28.3,0
28.4,0
28.5,0
28.6,0
28.7,0
28.8,0
28.9,0
29,0
29.1,0
29.2,0
29.3,0
29.4,0
29.5,0
29.6,0
29.7,0
29.8,0
29.9,0
30,0
30.1,0
30.2,0
30.3,0
30.4,0
30.5,0
30.6,0
30.7,0
30.8,0
30.9,0
31,0
31.1,0
31.2,0
31.3,0
31.4,0
31.5,0
31.6,0
31.7,0
31.8,0
31.9,0
32,0
32.1,0
32.2,0
32.3,0
32.4,0
32.5,0
32.6,0
32.7,0
32.8,0
32.9,0
33,0
33.1,0
33.2,0
33.3,0
33.4,0
33.5,0
33.6,0
33.7,0
33.8,0
33.9,0
34,0
34.1,0
34.2,0
34.3,0
34.4,0
34.5,0
34.6,0
34.7,0
34.8,0
34.9,0
35,0
35.1,0
35.2,0
35.3,0
35.4,0
35.5,0
35.6,0
35.7,0
35.8,0
35.9,0
36,0
36.1,0
36.2,0
36.3,0
36.4,0
36.5,0
36.6,0
36.7,0
36.8,0
36.9,0
37,0
37.1,0
37.2,0
37.3,0
37.4,0
37.5,0
37.6,0
37.7,0
37.8,0
37.9,0
38,0
38.1,0
38.2,0
38.3,0
38.4,0
38.5,0
38.6,0
38.7,0
38.8,0
38.9,0
39,0
39.1,0
39.2,0
39.3,0
39.4,0
39.5,0
39.6,0
39.7,0
39.8,0
39.9,0
40,0
40.1,0
40.2,0
40.3,0
40.4,0
40.5,0
40.6,0
40.7,0
40.8,0
40.9,0
41,0
41.1,0
41.2,0
41.3,0
41.4,0
41.5,0
41.6,0
41.7,0
41.8,0
41.9,0
42,0
42.1,0
42.2,0
42.3,0
42.4,0
42.5,0
42.6,0
42.7,0
42.8,0
42.9,0
43,0
43.1,0
43.2,0
43.3,0
43.4,0
43.5,0
43.6,0
43.7,0
43.8,0
43.9,0
44,0
44.1,0
44.2,0
44.3,0
44.4,0
44.5,0
44.6,0
44.7,0
44.8,0
44.9,0
45,0
45.1,0
45.2,0
45.3,0
45.4,0
45.5,0
45.6,0
45.7,0
45.8,0
45.9,0
46,0
46.1,0
46.2,0
46.3,0
46.4,0
46.5,0
46.6,0
46.7,0
46.8,0
46.9,0
47,0
47.1,0
47.2,0
47.3,0
47.4,0
47.5,0
47.6,0
47.7,0
47.8,0
47.9,0
48,0
48.1,0
48.2,0
48.3,0
48.4,0
48.5,0
48.6,0
48.7,0
48.8,0
48.9,0
49,0
49.1,0
49.2,0
49.3,0
49.4,0
49.5,0
49.6,0
49.7,0
49.8,0
49.9,0
50,0
50.1,0
50.2,50.488808
50.3,67.645833
50.4,100.894151
50.5,131.070153
50.6,130.970902
50.7,130.872017
50.8,130.773497
50.9,130.675342
51,130.57755
51.1,130.480119
51.2,130.383049
51.3,130.286338
51.4,130.189985
51.5,130.093988
51.6,129.998347
51.7,129.903061
51.8,129.808127
51.9,129.713546
52,129.619315
52.1,129.525434
52.2,129.431901
52.3,129.338716
52.4,129.245876
52.5,129.153381
52.6,129.06123
52.7,128.969421
52.8,128.877953
52.9,128.786826
53,128.696037
53.1,128.605587
53.2,128.515473
53.3,128.425694
53.4,128.33625
53.5,128.247139
53.6,128.15836
53.7,128.069912
53.8,127.981793
53.9,127.894004
54,127.806542
54.1,127.719406
54.2,127.632596
54.3,127.54611
54.4,127.459947
54.5,127.374106
54.6,127.288586
54.7,127.203386
54.8,127.118504
54.9,127.03394
55,126.949692
55.1,126.86576
55.2,126.782142
55.3,126.698838
55.4,126.615845
55.5,126.533164
55.6,126.450793
55.7,126.36873
55.8,126.286976
55.9,126.205528
56,126.124387
56.1,126.04355
56.2,125.963016
56.3,125.882786
56.4,125.802857
56.5,125.723228
56.6,125.643899
56.7,125.564869
56.8,125.486136
56.9,125.4077
57,125.329559
57.1,125.251712
57.2,125.174159
57.3,125.096898
57.4,125.019928
57.5,124.943249
57.6,124.86686
57.7,124.790758
57.8,124.714944
57.9,124.639416
58,124.564174
58.1,124.489216
58.2,124.414542
58.3,124.34015
58.4,124.266039
58.5,124.192209
58.6,124.118659
58.7,124.045387
58.8,123.972392
58.9,123.899674
59,123.827232
59.1,123.755065
59.2,123.683171
59.3,123.61155
59.4,123.540201
59.5,123.469123
59.6,123.398315
59.7,123.327775
59.8,123.257504
59.9,123.1875
60,123.117763
60.1,123.04829
60.2,122.979082
60.3,122.910137
60.4,122.841455
60.5,122.773035
60.6,122.704875
60.7,122.636975
60.8,122.569334
60.9,122.501951
61,122.434825
61.1,122.367955
61.2,122.301341
61.3,122.23498
61.4,122.168874
61.5,122.10302
61.6,122.037418
61.7,121.972066
61.8,121.906965
61.9,121.842112
62,121.777508
62.1,121.713152
62.2,121.649041
62.3,121.585177
62.4,121.521557
62.5,121.458181
62.6,121.395048
62.7,121.332157
62.8,121.269508
62.9,121.207099
63,121.14493
63.1,121.083
63.2,121.021307
63.3,120.959852
63.4,120.898633
63.5,120.837649
63.6,120.7769
63.7,120.716385
63.8,120.656103
63.9,120.596053
64,120.536234
64.1,120.476646
64.2,120.417288
64.3,120.358158
64.4,120.299257
64.5,120.240583
64.6,120.182135
64.7,120.123913
64.8,120.065915
64.9,120.008142
65,119.950592
65.1,119.893265
65.2,119.836159
65.3,119.779274
65.4,119.722609
65.5,119.666164
65.6,119.609937
65.7,119.553928
65.8,119.498136
65.9,119.44256
66,119.387199
66.1,119.332054
66.2,119.277122
66.3,119.222403
66.4,119.167897
66.5,119.113602
66.6,119.059518
66.7,119.005645
66.8,118.95198
66.9,118.898525
67,118.845277
67.1,118.792236
67.2,118.739402
67.3,118.686773
67.4,118.63435
67.5,118.58213
67.6,118.530114
67.7,118.4783
67.8,118.426689
67.9,118.375279
68,118.324069
68.1,118.273059
68.2,118.222248
68.3,118.171636
68.4,118.121221
68.5,118.071003
68.6,118.020982
68.7,117.971155
68.8,117.921524
68.9,117.872087
69,117.822843
69.1,117.773792
69.2,117.724933
69.3,117.676265
69.4,117.627788
69.5,117.579501
69.6,117.531403
69.7,117.483493
69.8,117.435771
69.9,117.388237
70,117.340889
70.1,117.293727
70.2,117.24675
70.3,117.199957
70.4,117.153348
70.5,117.106922
70.6,117.060679
70.7,117.014618
70.8,116.968737
70.9,116.923037
71,116.877517
71.1,116.832176
71.2,116.787014
71.3,116.742029
71.4,116.697221
71.5,116.65259
71.6,116.608135
71.7,116.563855
71.8,116.51975
71.9,116.475818
72,116.43206
72.1,116.388475
72.2,116.345061
72.3,116.301819
72.4,116.258748
72.5,116.215846
72.6,116.173114
72.7,116.130551
72.8,116.088157
72.9,116.045929
73,116.003869
73.1,115.961975
73.2,115.920247
73.3,115.878684
73.4,115.837286
73.5,115.796051
73.6,115.75498
73.7,115.714071
73.8,115.673325
73.9,115.63274
74,115.592316
74.1,115.552052
74.2,115.511947
74.3,115.472002
74.4,115.432215
74.5,115.392586
74.6,115.353115
74.7,115.3138
74.8,115.274641
74.9,115.235637
75,115.196789
75.1,115.158095
75.2,115.119554
75.3,115.081167
75.4,115.042933
75.5,115.00485
75.6,114.966919
75.7,114.929138
75.8,114.891508
75.9,114.854028
76,114.816697
76.1,114.779514
76.2,114.74248
76.3,114.705593
76.4,114.668853
76.5,114.632259
76.6,114.595811
76.7,114.559508
76.8,114.52335
76.9,114.487336
77,114.451465
77.1,114.415738
77.2,114.380153
77.3,114.34471
77.4,114.309408
77.5,114.274247
77.6,114.239226
77.7,114.204345
77.8,114.169603
77.9,114.135
78,114.100535
78.1,114.066208
78.2,114.032018
78.3,113.997964
78.4,113.964046
78.5,113.930264
78.6,113.896616
78.7,113.863104
78.8,113.829724
78.9,113.796479
79,113.763366
79.1,113.730385
79.2,113.697537
79.3,113.664819
79.4,113.632233
79.5,113.599776
79.6,113.56745
79.7,113.535252
79.8,113.503184
79.9,113.471243
80,113.439431
80.1,113.407745
80.2,113.376187
80.3,113.344754
80.4,113.313447
80.5,113.282266
80.6,113.251209
80.7,113.220276
80.8,113.189467
80.9,113.158782
81,113.128219
81.1,113.097778
81.2,113.067459
81.3,113.037262
81.4,113.007185
81.5,112.977228
81.6,112.947392
81.7,112.917674
81.8,112.888076
81.9,112.858596
82,112.829234
82.1,112.799989
82.2,112.770861
82.3,112.74185
82.4,112.712955
82.5,112.684175
82.6,112.655511
82.7,112.626961
82.8,112.598525
82.9,112.570203
83,112.541994
83.1,112.513898
83.2,112.485914
83.3,112.458042
83.4,112.430281
83.5,112.402631
83.6,112.375092
83.7,112.347662
83.8,112.320342
83.9,112.293132
84,112.26603
84.1,112.239036
84.2,112.21215
84.3,112.185371
84.4,112.158699
84.5,112.132133
84.6,112.105674
84.7,112.07932
84.8,112.053071
84.9,112.026926
85,112.000886
85.1,111.97495
85.2,111.949117
85.3,111.923387
85.4,111.897759
85.5,111.872234
85.6,111.84681
85.7,111.821487
85.8,111.796265
85.9,111.771143
86,111.746121
86.1,111.721198
86.2,111.696375
86.3,111.67165
86.4,111.647023
86.5,111.622495
86.6,111.598063
86.7,111.573729
86.8,111.549491
86.9,111.525349
87,111.501302
87.1,111.477351
87.2,111.453495
87.3,111.429734
87.4,111.406066
87.5,111.382492
87.6,111.359011
87.7,111.335623
87.8,111.312328
87.9,111.289124
88,111.266012
88.1,111.242991
88.2,111.220061
88.3,111.197222
88.4,111.174472
88.5,111.151812
88.6,111.129241
88.7,111.10676
88.8,111.084366
88.9,111.06206
89,111.039843
89.1,111.017712
89.2,110.995668
89.3,110.973711
89.4,110.951839
89.5,110.930054
89.6,110.908353
89.7,110.886738
89.8,110.865207
89.9,110.84376
90,110.822397
90.1,110.801117
90.2,110.779921
90.3,110.758807
90.4,110.737775
90.5,110.716825
90.6,110.695956
90.7,110.675169
90.8,110.654462
90.9,110.633836
91,110.613289
91.1,110.592823
91.2,110.572435
91.3,110.552127
91.4,110.531896
91.5,110.511744
91.6,110.49167
91.7,110.471673
91.8,110.451754
91.9,110.431911
92,110.412144
92.1,110.392453
92.2,110.372838
92.3,110.353298
92.4,110.333833
92.5,110.314442
92.6,110.295126
92.7,110.275883
92.8,110.256714
92.9,110.237617
93,110.218594
93.1,110.199643
93.2,110.180764
93.3,110.161957
93.4,110.143221
93.5,110.124556
93.6,110.105961
93.7,110.087437
93.8,110.068983
93.9,110.050599
94,110.032283
94.1,110.014037
94.2,109.995859
94.3,109.97775
94.4,109.959708
94.5,109.941734
94.6,109.923827
94.7,109.905987
94.8,109.888213
94.9,109.870506
95,109.852864
95.1,109.835288
95.2,109.817777
95.3,109.800331
95.4,109.78295
95.5,109.765632
95.6,109.748379
95.7,109.731189
95.8,109.714062
95.9,109.696998
96,109.679997
96.1,109.663058
96.2,109.64618
96.3,109.629365
96.4,109.61261
96.5,109.595917
96.6,109.579284
96.7,109.562711
96.8,109.546198
96.9,109.529745
97,109.513351
97.1,109.497016
97.2,109.48074
97.3,109.464522
97.4,109.448363
97.5,109.43226
97.6,109.416216
97.7,109.400228
97.8,109.384297
97.9,109.368423
98,109.352605
98.1,109.336842
98.2,109.321135
98.3,109.305484
98.4,109.289887
98.5,109.274345
98.6,109.258857
98.7,109.243423
98.8,109.228043
98.9,109.212716
99,109.197442
99.1,109.182221
99.2,109.167053
99.3,109.151936
99.4,109.136872
99.5,109.121859
99.6,109.106897
99.7,109.091986
99.8,109.077126
99.9,109.062316
100,109.047557
100.1,109.032847
100.2,109.018186
100.3,109.003575
100.4,108.989012
100.5,108.974498
100.6,108.960033
100.7,108.945615
100.8,108.931245
100.9,108.916923
101,108.902647
101.1,108.888419
101.2,108.874237
101.3,108.860101
101.4,108.846011
101.5,108.831967
101.6,108.817968
101.7,108.804014
101.8,108.790106
101.9,108.776241
102,108.762421
102.1,108.748645
102.2,108.734912
102.3,108.721223
102.4,108.707577
102.5,108.693974
102.6,108.680414
102.7,108.666895
102.8,108.653419
102.9,108.639984
103,108.626591
103.1,108.613239
103.2,108.599928
103.3,108.586657
103.4,108.573427
103.5,108.560236
103.6,108.547086
103.7,108.533975
103.8,108.520903
103.9,108.50787
104,108.494876
104.1,108.481921
104.2,108.469003
104.3,108.456123
104.4,108.443281
104.5,108.430476
104.6,108.417708
104.7,108.404977
104.8,108.392283
104.9,108.379625
105,108.367003
105.1,108.354416
105.2,108.341865
105.3,108.329349
105.4,108.316868
105.5,108.304422
105.6,108.29201
105.7,108.279632
105.8,108.267288
105.9,108.254978
106,108.242701
106.1,108.230457
106.2,108.218246
106.3,108.206068
106.4,108.193921
106.5,108.181807
106.6,108.169725
106.7,108.157674
106.8,108.145655
106.9,108.133666
107,108.121708
107.1,108.109781
107.2,108.097884
107.3,108.086017
107.4,108.07418
107.5,108.062372
107.6,108.050594
107.7,108.038844
107.8,108.027123
107.9,108.015431
108,108.003767
108.1,107.992131
108.2,107.980522
108.3,107.968941
108.4,107.957388
108.5,107.945861
108.6,107.934361
108.7,107.922887
108.8,107.91144
108.9,107.900019
109,107.888623
109.1,107.877253
109.2,107.865909
109.3,107.854589
109.4,107.843294
109.5,107.832023
109.6,107.820777
109.7,107.809555
109.8,107.798356
109.9,107.787182
110,107.77603
110.1,107.764901
110.2,107.753796
110.3,107.742713
110.4,107.731652
110.5,107.720613
110.6,107.709596
110.7,107.698601
110.8,107.687627
110.9,107.676675
111,107.665743
111.1,107.654832
111.2,107.643941
111.3,107.633071
111.4,107.62222
111.5,107.61139
111.6,107.600578
111.7,107.589786
111.8,107.579013
111.9,107.568259
112,107.557523
112.1,107.546806
112.2,107.536107
112.3,107.525426
112.4,107.514762
112.5,107.504115
112.6,107.493486
112.7,107.482874
112.8,107.472278
112.9,107.461699
113,107.451136
113.1,107.44059
113.2,107.430059
113.3,107.419543
113.4,107.409043
113.5,107.398558
113.6,107.388088
113.7,107.377632
113.8,107.367191
113.9,107.356764
114,107.346351
114.1,107.335952
114.2,107.325566
114.3,107.315194
114.4,107.304834
114.5,107.294488
114.6,107.284154
114.7,107.273832
114.8,107.263523
114.9,107.253225
115,107.24294
115.1,107.232666
115.2,107.222403
115.3,107.212151
115.4,107.20191
115.5,107.191679
115.6,107.181459
115.7,107.17125
115.8,107.16105
115.9,107.15086
116,107.140679
116.1,107.130508
116.2,107.120346
116.3,107.110192
116.4,107.100048
116.5,107.089911
116.6,107.079783
116.7,107.069663
116.8,107.059551
116.9,107.049446
117,107.039349
117.1,107.029259
117.2,107.019175
117.3,107.009099
117.4,106.999028
117.5,106.988965
117.6,106.978907
117.7,106.968855
117.8,106.958808
117.9,106.948767
118,106.938732
118.1,106.928701
118.2,106.918675
118.3,106.908654
118.4,106.898637
118.5,106.888624
118.6,106.878615
118.7,106.868609
118.8,106.858608
118.9,106.848609
119,106.838614
119.1,106.828621
119.2,106.818631
119.3,106.808644
119.4,106.798659
119.5,106.788676
119.6,106.778695
119.7,106.768715
119.8,106.758737
119.9,106.74876
120,106.738784
120.1,106.728808
120.2,106.718834
120.3,106.70886
120.4,106.698885
120.5,106.688911
120.6,106.678937
120.7,106.668962
120.8,106.658987
120.9,106.64901
121,106.639033
121.1,106.629054
121.2,106.619074
121.3,106.609092
121.4,106.599108
121.5,106.589123
121.6,106.579134
121.7,106.569144
121.8,106.559151
121.9,106.549154
122,106.539155
122.1,106.529152
122.2,106.519146
122.3,106.509136
122.4,106.499123
122.5,106.489105
122.6,106.479083
122.7,106.469056
122.8,106.459024
122.9,106.448988
123,106.438947
123.1,106.4289
123.2,106.418847
123.3,106.408789
123.4,106.398725
123.5,106.388655
123.6,106.378579
123.7,106.368496
123.8,106.358406
123.9,106.348309
124,106.338206
124.1,106.328095
124.2,106.317976
124.3,106.30785
124.4,106.297715
124.5,106.287573
124.6,106.277422
124.7,106.267263
124.8,106.257095
124.9,106.246918
125,106.236733
125.1,106.226537
125.2,106.216333
125.3,106.206118
125.4,106.195894
125.5,106.18566
125.6,106.175415
125.7,106.16516
125.8,106.154894
125.9,106.144617
126,106.134329
126.1,106.12403
126.2,106.11372
126.3,106.103398
126.4,106.093064
126.5,106.082718
126.6,106.07236
126.7,106.061989
126.8,106.051606
126.9,106.041209
127,106.0308
127.1,106.020378
127.2,106.009942
127.3,105.999493
127.4,105.98903
127.5,105.978553
127.6,105.968061
127.7,105.957556
127.8,105.947035
127.9,105.9365
128,105.92595
128.1,105.915385
128.2,105.904805
128.3,105.894209
128.4,105.883597
128.5,105.87297
128.6,105.862326
128.7,105.851666
128.8,105.84099
128.9,105.830297
129,105.819587
129.1,105.808859
129.2,105.798115
129.3,105.787353
129.4,105.776574
129.5,105.765777
129.6,105.754962
129.7,105.744128
129.8,105.733276
129.9,105.722406
130,105.711517
130.1,105.700608
130.2,105.689681
130.3,105.678734
130.4,105.667768
130.5,105.656782
130.6,105.645776
130.7,105.63475
130.8,105.623704
130.9,105.612637
131,105.60155
131.1,105.590442
131.2,105.579312
131.3,105.568162
131.4,105.556989
131.5,105.545796
131.6,105.53458
131.7,105.523343
131.8,105.512083
131.9,105.500801
132,105.489496
132.1,105.478169
132.2,105.466818
132.3,105.455445
132.4,105.444048
132.5,105.432628
132.6,105.421184
132.7,105.409716
132.8,105.398224
132.9,105.386708
133,105.375167
133.1,105.363601
133.2,105.352011
133.3,105.340396
133.4,105.328756
133.5,105.31709
133.6,105.305398
133.7,105.293681
133.8,105.281938
133.9,105.270169
134,105.258373
134.1,105.246551
134.2,105.234702
134.3,105.222826
134.4,105.210923
134.5,105.198993
134.6,105.187036
134.7,105.175051
134.8,105.163038
134.9,105.150996
135,105.138927
135.1,105.12683
135.2,105.114703
135.3,105.102548
135.4,105.090364
135.5,105.078151
135.6,105.065909
135.7,105.053637
135.8,105.041335
135.9,105.029003
136,105.016642
136.1,105.00425
136.2,104.991828
136.3,104.979375
136.4,104.966891
136.5,104.954376
136.6,104.94183
136.7,104.929252
136.8,104.916643
136.9,104.904003
137,104.89133
137.1,104.878625
137.2,104.865888
137.3,104.853118
137.4,104.840316
137.5,104.82748
137.6,104.814612
137.7,104.801711
137.8,104.788776
137.9,104.775807
138,104.762804
138.1,104.749768
138.2,104.736697
138.3,104.723592
138.4,104.710453
138.5,104.697278
138.6,104.684069
138.7,104.670824
138.8,104.657545
138.9,104.644229
139,104.630879
139.1,104.617492
139.2,104.604069
139.3,104.59061
139.4,104.577114
139.5,104.563582
139.6,104.550013
139.7,104.536407
139.8,104.522764
139.9,104.509084
140,104.495366
140.1,104.48161
140.2,104.467816
140.3,104.453984
140.4,104.440114
140.5,104.426205
140.6,104.412258
140.7,104.398272
140.8,104.384247
140.9,104.370182
141,104.356078
141.1,104.341935
141.2,104.327751
141.3,104.313528
141.4,104.299264
141.5,104.284961
141.6,104.270616
141.7,104.256231
141.8,104.241805
141.9,104.227338
142,104.212829
142.1,104.198279
142.2,104.183687
142.3,104.169054
142.4,104.154378
142.5,104.13966
142.6,104.1249
142.7,104.110097
142.8,104.095251
142.9,104.080362
143,104.06543
143.1,104.050455
143.2,104.035436
143.3,104.020374
143.4,104.005267
143.5,103.990116
143.6,103.974921
143.7,103.959682
143.8,103.944397
143.9,103.929068
144,103.913694
144.1,103.898274
144.2,103.88281
144.3,103.867299
144.4,103.851742
144.5,103.83614
144.6,103.820491
144.7,103.804796
144.8,103.789055
144.9,103.773266
145,103.757431
145.1,103.741548
145.2,103.725618
145.3,103.70964
145.4,103.693615
145.5,103.677542
145.6,103.661421
145.7,103.645251
145.8,103.629033
145.9,103.612766
146,103.596451
146.1,103.580086
146.2,103.563672
146.3,103.547208
146.4,103.530695
146.5,103.514132
146.6,103.497519
146.7,103.480856
146.8,103.464142
146.9,103.447378
147,103.430563
147.1,103.413697
147.2,103.39678
147.3,103.379811
147.4,103.362791
147.5,103.345719
147.6,103.328596
147.7,103.31142
147.8,103.294191
147.9,103.276911
148,103.259577
148.1,103.242191
148.2,103.224751
148.3,103.207258
148.4,103.189712
148.5,103.172112
148.6,103.154458
148.7,103.13675
148.8,103.118987
148.9,103.10117
149,103.083299
149.1,103.065373
149.2,103.047391
149.3,103.029355
149.4,103.011263
149.5,102.993115
149.6,102.974912
149.7,102.956652
149.8,102.938336
149.9,102.919964
150,102.901535
150.1,102.88305
150.2,102.864507
150.3,102.845908
150.4,102.82725
150.5,102.808536
150.6,102.789763
150.7,102.770932
150.8,102.752044
150.9,102.733097
151,102.714091
151.1,102.695026
151.2,102.675903
151.3,102.65672
151.4,102.637478
151.5,102.618177
151.6,102.598816
151.7,102.579394
151.8,102.559913
151.9,102.540371
152,102.520769
152.1,102.501106
152.2,102.481382
152.3,102.461596
152.4,102.44175
152.5,102.421842
152.6,102.401872
152.7,102.38184
152.8,102.361746
152.9,102.34159
153,102.321371
153.1,102.301089
153.2,102.280744
153.3,102.260337
153.4,102.239866
153.5,102.219331
153.6,102.198732
153.7,102.17807
153.8,102.157343
153.9,102.136552
154,102.115697
154.1,102.094777
154.2,102.073791
154.3,102.052741
154.4,102.031625
154.5,102.010444
154.6,101.989196
154.7,101.967883
154.8,101.946504
154.9,101.925058
155,101.903545
155.1,101.881966
155.2,101.86032
155.3,101.838607
155.4,101.816826
155.5,101.794977
155.6,101.773061
155.7,101.751076
155.8,101.729024
155.9,101.706903
156,101.684713
156.1,101.662454
156.2,101.640127
156.3,101.61773
156.4,101.595263
156.5,101.572727
156.6,101.550121
156.7,101.527445
156.8,101.504699
156.9,101.481882
157,101.458994
157.1,101.436035
157.2,101.413006
157.3,101.389904
157.4,101.366732
157.5,101.343487
157.6,101.320171
157.7,101.296782
157.8,101.273321
157.9,101.249787
158,101.226181
158.1,101.202501
158.2,101.178748
158.3,101.154922
158.4,101.131022
158.5,101.107048
158.6,101.083
158.7,101.058878
158.8,101.034681
158.9,101.01041
159,100.986064
159.1,100.961642
159.2,100.937145
159.3,100.912572
159.4,100.887924
159.5,100.8632
159.6,100.838399
159.7,100.813522
159.8,100.788568
159.9,100.763538
160,100.73843
160.1,100.713245
160.2,100.687983
160.3,100.662643
160.4,100.637224
160.5,100.611728
160.6,100.586153
160.7,100.5605
160.8,100.534768
160.9,100.508957
161,100.483066
161.1,100.457096
161.2,100.431047
161.3,100.404917
161.4,100.378708
161.5,100.352418
161.6,100.326047
161.7,100.299596
161.8,100.273063
161.9,100.24645
162,100.219755
162.1,100.192978
162.2,100.16612
162.3,100.139179
162.4,100.112156
162.5,100.08505
162.6,100.057862
162.7,100.03059
162.8,100.003236
162.9,99.975798
163,99.948276
163.1,99.92067
163.2,99.892981
163.3,99.865207
163.4,99.837348
163.5,99.809404
163.6,99.781376
163.7,99.753262
163.8,99.725063
163.9,99.696778
164,99.668407
164.1,99.639951
164.2,99.611407
164.3,99.582777
164.4,99.554061
164.5,99.525257
164.6,99.496366
164.7,99.467387
164.8,99.438321
164.9,99.409167
165,99.379924
165.1,99.350593
165.2,99.321174
165.3,99.291665
165.4,99.262067
165.5,99.232381
165.6,99.202604
165.7,99.172738
165.8,99.142781
165.9,99.112735
166,99.082598
166.1,99.05237
166.2,99.022051
166.3,98.991641
166.4,98.961139
166.5,98.930546
166.6,98.899861
166.7,98.869084
166.8,98.838214
166.9,98.807252
167,98.776197
167.1,98.745049
167.2,98.713807
167.3,98.682472
167.4,98.651043
167.5,98.61952
167.6,98.587903
167.7,98.556192
167.8,98.524385
167.9,98.492484
168,98.460487
168.1,98.428395
168.2,98.396207
168.3,98.363924
168.4,98.331544
168.5,98.299067
168.6,98.266494
168.7,98.233825
168.8,98.201058
168.9,98.168193
169,98.135231
169.1,98.102171
169.2,98.069013
169.3,98.035757
169.4,98.002402
169.5,97.968948
169.6,97.935395
169.7,97.901743
169.8,97.867991
169.9,97.834139
170,97.800188
170.1,97.766135
170.2,97.731983
170.3,97.697729
170.4,97.663375
170.5,97.628919
170.6,97.594362
170.7,97.559703
170.8,97.524941
170.9,97.490078
171,97.455112
171.1,97.420043
171.2,97.384871
171.3,97.349596
171.4,97.314217
171.5,97.278735
171.6,97.243148
171.7,97.207457
171.8,97.171662
171.9,97.135761
172,97.099756
172.1,97.063645
172.2,97.027429
172.3,96.991107
172.4,96.954679
172.5,96.918144
172.6,96.881503
172.7,96.844755
172.8,96.8079
172.9,96.770938
173,96.733867
173.1,96.69669
173.2,96.659403
173.3,96.622009
173.4,96.584506
173.5,96.546894
173.6,96.509173
173.7,96.471342
173.8,96.433402
173.9,96.395352
174,96.357191
174.1,96.31892
174.2,96.280538
174.3,96.242046
174.4,96.203442
174.5,96.164726
174.6,96.125899
174.7,96.08696
174.8,96.047908
174.9,96.008744
175,95.969467
175.1,95.930077
175.2,95.890573
175.3,95.850956
175.4,95.811225
175.5,95.771379
175.6,95.73142
175.7,95.691345
175.8,95.651156
175.9,95.610851
176,95.570431
176.1,95.529895
176.2,95.489243
176.3,95.448474
176.4,95.407589
176.5,95.366587
176.6,95.325468
176.7,95.284232
176.8,95.242877
176.9,95.201405
177,95.159815
177.1,95.118106
177.2,95.076278
177.3,95.034331
177.4,94.992265
177.5,94.95008
177.6,94.907774
177.7,94.865348
177.8,94.822802
177.9,94.780135
178,94.737347
178.1,94.694438
178.2,94.651407
178.3,94.608254
178.4,94.564979
178.5,94.521582
178.6,94.478062
178.7,94.434419
178.8,94.390653
178.9,94.346763
179,94.30275
179.1,94.258612
179.2,94.21435
179.3,94.169964
179.4,94.125452
179.5,94.080815
179.6,94.036053
179.7,93.991165
179.8,93.946151
179.9,93.90101
180,93.855743
180.1,93.810348
180.2,93.764827
180.3,93.719178
180.4,93.673401
180.5,93.627496
180.6,93.581463
180.7,93.5353
180.8,93.489009
180.9,93.442589
181,93.396039
181.1,93.349359
181.2,93.302549
181.3,93.255609
181.4,93.208538
181.5,93.161335
181.6,93.114002
181.7,93.066537
181.8,93.018939
181.9,92.97121
182,92.923348
182.1,92.875353
182.2,92.827226
182.3,92.778964
182.4,92.730569
182.5,92.68204
182.6,92.633377
182.7,92.584579
182.8,92.535646
182.9,92.486578
183,92.437374
183.1,92.388035
183.2,92.338559
183.3,92.288947
183.4,92.239198
183.5,92.189312
183.6,92.139289
183.7,92.089128
183.8,92.038829
183.9,91.988392
184,91.937816
184.1,91.887102
184.2,91.836248
184.3,91.785254
184.4,91.734121
184.5,91.682848
184.6,91.631434
184.7,91.57988
184.8,91.528184
184.9,91.476347
185,91.424368
185.1,91.372248
185.2,91.319985
185.3,91.267579
185.4,91.21503
185.5,91.162339
185.6,91.109503
185.7,91.056524
185.8,91.0034
185.9,90.950132
186,90.896719
186.1,90.843161
186.2,90.789457
186.3,90.735608
186.4,90.681612
186.5,90.62747
186.6,90.573181
186.7,90.518745
186.8,90.464162
186.9,90.409431
187,90.354551
187.1,90.299524
187.2,90.244347
187.3,90.189022
187.4,90.133547
187.5,90.077923
187.6,90.022148
187.7,89.966223
187.8,89.910148
187.9,89.853921
188,89.797543
188.1,89.741014
188.2,89.684332
188.3,89.627498
188.4,89.570511
188.5,89.513372
188.6,89.456078
188.7,89.398632
188.8,89.341031
188.9,89.283276
189,89.225366
189.1,89.167301
189.2,89.109081
189.3,89.050705
189.4,88.992173
189.5,88.933485
189.6,88.87464
189.7,88.815638
189.8,88.756479
189.9,88.697161
190,88.637686
190.1,88.578052
190.2,88.51826
190.3,88.458308
190.4,88.398197
190.5,88.337926
190.6,88.277496
190.7,88.216904
190.8,88.156152
190.9,88.095238
191,88.034163
191.1,87.972926
191.2,87.911527
191.3,87.849965
191.4,87.788241
191.5,87.726353
191.6,87.664301
191.7,87.602085
191.8,87.539705
191.9,87.477161
192,87.414451
192.1,87.351576
192.2,87.288535
192.3,87.225328
192.4,87.161955
192.5,87.098414
192.6,87.034707
192.7,86.970832
192.8,86.906789
192.9,86.842577
193,86.778197
193.1,86.713648
193.2,86.64893
193.3,86.584042
193.4,86.518984
193.5,86.453756
193.6,86.388356
193.7,86.322786
193.8,86.257043
193.9,86.191129
194,86.125043
194.1,86.058784
194.2,85.992352
194.3,85.925747
194.4,85.858968
194.5,85.792014
194.6,85.724887
194.7,85.657584
194.8,85.590106
194.9,85.522452
195,85.454623
195.1,85.386617
195.2,85.318434
195.3,85.250074
195.4,85.181537
195.5,85.112822
195.6,85.043928
195.7,84.974856
195.8,84.905605
195.9,84.836174
196,84.766564
196.1,84.696774
196.2,84.626802
196.3,84.55665
196.4,84.486317
196.5,84.415802
196.6,84.345105
196.7,84.274225
196.8,84.203163
196.9,84.131917
197,84.060488
197.1,83.988874
197.2,83.917077
197.3,83.845094
197.4,83.772926
197.5,83.700573
197.6,83.628033
197.7,83.555308
197.8,83.482395
197.9,83.409295
198,83.336008
198.1,83.262533
198.2,83.188869
198.3,83.115017
198.4,83.040975
198.5,82.966744
198.6,82.892323
198.7,82.817711
198.8,82.742909
198.9,82.667916
199,82.592731
199.1,82.517354
199.2,82.441785
199.3,82.366023
199.4,82.290067
199.5,82.213918
199.6,82.137576
199.7,82.061038
199.8,81.984306
199.9,81.907379
200,81.830256
200.1,81.752937
200.2,81.675421
200.3,81.597709
200.4,81.519799
200.5,81.441692
200.6,81.363386
200.7,81.284882
200.8,81.206179
200.9,81.127277
201,81.048174
201.1,80.968872
201.2,80.889369
201.3,80.809665
201.4,80.729759
201.5,80.649652
201.6,80.569342
201.7,80.488829
201.8,80.408114
201.9,80.327194
202,80.246071
202.1,80.164743
202.2,80.08321
202.3,80.001472
202.4,79.919528
202.5,79.837378
202.6,79.755022
202.7,79.672458
202.8,79.589687
202.9,79.506708
203,79.423521
203.1,79.340125
203.2,79.25652
203.3,79.172705
203.4,79.08868
203.5,79.004444
203.6,78.919997
203.7,78.83534
203.8,78.75047
203.9,78.665388
204,78.580093
204.1,78.494585
204.2,78.408863
204.3,78.322928
204.4,78.236777
204.5,78.150412
204.6,78.063832
204.7,77.977035
204.8,77.890023
204.9,77.802793
205,77.715346
205.1,77.627682
205.2,77.5398
205.3,77.451699
205.4,77.363379
205.5,77.274839
205.6,77.18608
205.7,77.0971
205.8,77.007899
205.9,76.918477
206,76.828833
206.1,76.738967
206.2,76.648878
206.3,76.558566
206.4,76.468031
206.5,76.377271
206.6,76.286287
206.7,76.195078
206.8,76.103643
206.9,76.011983
207,75.920096
207.1,75.827982
207.2,75.73564
207.3,75.643071
207.4,75.550274
207.5,75.457248
207.6,75.363992
207.7,75.270507
207.8,75.176791
207.9,75.082845
208,74.988668
208.1,74.894259
208.2,74.799618
208.3,74.704745
208.4,74.609638
208.5,74.514298
208.6,74.418723
208.7,74.322914
208.8,74.22687
208.9,74.130591
209,74.034076
209.1,73.937324
209.2,73.840335
209.3,73.743109
209.4,73.645644
209.5,73.547942
209.6,73.45
209.7,73.351819
209.8,73.253398
209.9,73.154737
210,73.055834
210.1,72.956691
210.2,72.857305
210.3,72.757677
210.4,72.657806
210.5,72.557692
210.6,72.457333
210.7,72.356731
210.8,72.255883
210.9,72.15479
211,72.053451
211.1,71.951865
211.2,71.850033
211.3,71.747953
211.4,71.645625
211.5,71.543049
211.6,71.440224
211.7,71.337149
211.8,71.233824
211.9,71.130248
212,71.026422
212.1,70.922344
212.2,70.818014
212.3,70.713431
212.4,70.608595
212.5,70.503506
212.6,70.398162
212.7,70.292564
212.8,70.18671
212.9,70.080601
213,69.974235
213.1,69.867613
213.2,69.760733
213.3,69.653596
213.4,69.5462
213.5,69.438545
213.6,69.330631
213.7,69.222456
213.8,69.114022
213.9,69.005326
214,68.896368
214.1,68.787149
214.2,68.677667
214.3,68.567921
214.4,68.457912
214.5,68.347639
214.6,68.2371
214.7,68.126297
214.8,68.015227
214.9,67.903891
215,67.792288
215.1,67.680418
215.2,67.568279
215.3,67.455872
215.4,67.343195
215.5,67.230249
215.6,67.117032
215.7,67.003545
215.8,66.889786
215.9,66.775755
216,66.661452
216.1,66.546875
216.2,66.432025
216.3,66.316901
216.4,66.201502
216.5,66.085827
216.6,65.969877
216.7,65.85365
216.8,65.737146
216.9,65.620365
217,65.503305
217.1,65.385967
217.2,65.26835
217.3,65.150452
217.4,65.032274
217.5,64.913815
217.6,64.795074
217.7,64.676052
217.8,64.556746
217.9,64.437157
218,64.317285
218.1,64.197127
218.2,64.076685
218.3,63.955957
218.4,63.834943
218.5,63.713642
218.6,63.592053
218.7,63.470177
218.8,63.348012
218.9,63.225558
219,63.102814
219.1,62.979779
219.2,62.856454
219.3,62.732837
219.4,62.608928
219.5,62.484727
219.6,62.360232
219.7,62.235443
219.8,62.110359
219.9,61.98498
220,61.859306
220.1,61.733335
220.2,61.607068
220.3,61.480502
220.4,61.353639
220.5,61.226477
220.6,61.099015
220.7,60.971254
220.8,60.843192
220.9,60.714828
221,60.586163
221.1,60.457196
221.2,60.327925
221.3,60.198351
221.4,60.068472
221.5,59.938289
221.6,59.8078
221.7,59.677004
221.8,59.545902
221.9,59.414493
222,59.282775
222.1,59.150749
222.2,59.018414
222.3,58.885769
222.4,58.752813
222.5,58.619546
222.6,58.485967
222.7,58.352075
222.8,58.217871
222.9,58.083353
223,57.94852
223.1,57.813373
223.2,57.67791
223.3,57.54213
223.4,57.406034
223.5,57.26962
223.6,57.132888
223.7,56.995837
223.8,56.858466
223.9,56.720776
224,56.582764
224.1,56.444431
224.2,56.305776
224.3,56.166798
224.4,56.027497
224.5,55.887871
224.6,55.747921
224.7,55.607645
224.8,55.467044
224.9,55.326115
225,55.18486
225.1,55.043276
225.2,54.901363
225.3,54.759121
225.4,54.616549
225.5,54.473646
225.6,54.330412
225.7,54.186846
225.8,54.042947
225.9,53.898714
226,53.754148
226.1,53.609246
226.2,53.464009
226.3,53.318436
226.4,53.172526
226.5,53.026279
226.6,52.879694
226.7,52.732769
226.8,52.585505
226.9,52.437901
227,52.289956
227.1,52.141669
227.2,51.99304
227.3,51.844067
227.4,51.694751
227.5,51.545091
227.6,51.395085
227.7,51.244734
227.8,51.094036
227.9,50.942991
228,50.791598
228.1,50.639856
228.2,50.487765
228.3,50.335324
228.4,50.182533
228.5,50.029389
228.6,49.875894
228.7,49.722045
228.8,49.567843
228.9,49.413287
229,49.258376
229.1,49.103109
229.2,48.947485
229.3,48.791504
229.4,48.635165
229.5,48.478468
229.6,48.321411
229.7,48.163994
229.8,48.006216
229.9,47.848077
230,47.689575
230.1,47.530711
230.2,47.371482
230.3,47.211889
230.4,47.051931
230.5,46.891607
230.6,46.730916
230.7,46.569858
230.8,46.408431
230.9,46.246635
231,46.08447
231.1,45.921934
231.2,45.759027
231.3,45.595749
231.4,45.432097
231.5,45.268072
231.6,45.103673
231.7,44.938898
231.8,44.773748
231.9,44.608222
232,44.442318
232.1,44.276036
232.2,44.109376
232.3,43.942336
232.4,43.774916
232.5,43.607114
232.6,43.438931
232.7,43.270365
232.8,43.101416
232.9,42.932082
233,42.762364
233.1,42.592259
233.2,42.421769
233.3,42.250891
233.4,42.079625
233.5,41.90797
233.6,41.735925
233.7,41.56349
233.8,41.390664
233.9,41.217446
234,41.043835
234.1,40.869831
234.2,40.695432
234.3,40.520637
234.4,40.345447
234.5,40.169861
234.6,39.993876
234.7,39.817493
234.8,39.640711
234.9,39.463529
235,39.285946
235.1,39.107962
235.2,38.929575
235.3,38.750785
235.4,38.571591
235.5,38.391992
235.6,38.211987
235.7,38.031576
235.8,37.850757
235.9,37.669531
236,37.487895
236.1,37.30585
236.2,37.123394
236.3,36.940526
236.4,36.757247
236.5,36.573554
236.6,36.389447
236.7,36.204925
236.8,36.019988
236.9,35.834635
237,35.648864
237.1,35.462675
237.2,35.276067
237.3,35.089039
237.4,34.90159
237.5,34.71372
237.6,34.525428
237.7,34.336713
237.8,34.147573
237.9,33.958008
238,33.768018
238.1,33.577601
238.2,33.386756
238.3,33.195484
238.4,33.003782
238.5,32.811649
238.6,32.619086
238.7,32.426091
238.8,32.232664
238.9,32.038803
239,31.844507
239.1,31.649776
239.2,31.454609
239.3,31.259005
239.4,31.062963
239.5,30.866482
239.6,30.669561
239.7,30.4722
239.8,30.274397
239.9,30.076152
240,29.718954
240.1,29.164751
240.2,28.620903
240.3,28.087217
240.4,27.563503
240.5,27.049574
240.6,26.545248
240.7,26.050345
240.8,25.56469
240.9,25.088109
241,24.620432
241.1,24.161495
241.2,23.711132
241.3,23.269184
241.4,22.835495
241.5,22.409908
241.6,21.992274
241.7,21.582443
241.8,21.18027
241.9,20.785611
242,20.398327
242.1,20.018279
242.2,19.645332
242.3,19.279354
242.4,18.920214
242.5,18.567784
242.6,18.22194
242.7,17.882557
242.8,17.549516
242.9,17.222698
243,16.901986
243.1,16.587267
243.2,16.278428
243.3,15.97536
243.4,15.677955
243.5,15.386106
243.6,15.099711
243.7,14.818667
243.8,14.542874
243.9,14.272234
244,14.006652
244.1,13.746031
244.2,13.49028
244.3,13.239308
244.4,12.993025
244.5,12.751344
244.6,12.514178
244.7,12.281444
244.8,12.053058
244.9,11.828939
245,11.609008
245.1,11.393187
245.2,11.181398
245.3,10.973566
245.4,10.769617
245.5,10.569478
245.6,10.37308
245.7,10.18035
245.8,9.991222
245.9,9.805627
246,9.6235
246.1,9.444776
246.2,9.269391
246.3,9.097283
246.4,8.928391
246.5,8.762654
246.6,8.600014
246.7,8.440412
246.8,8.283793
246.9,8.130099
247,7.979277
247.1,7.831273
247.2,7.686034
247.3,7.543509
247.4,7.403646
247.5,7.266397
247.6,7.131711
247.7,6.999542
247.8,6.869843
247.9,6.742566
248,6.617667
248.1,6.495102
248.2,6.374826
248.3,6.256798
248.4,6.140974
248.5,6.027315
248.6,5.915779
248.7,5.806326
248.8,5.698918
248.9,5.593517
249,5.490085
249.1,5.388585
249.2,5.288981
249.3,5.191238
249.4,5.09532
249.5,5.001195
249.6,4.908828
249.7,4.818186
249.8,4.729238
249.9,4.641951
250,4.556295
250.1,4.472239
250.2,4.389753
250.3,4.308807
250.4,4.229374
250.5,4.151425
250.6,4.074931
250.7,3.999867
250.8,3.926204
250.9,3.853917
251,3.782981
251.1,3.713369
251.2,3.645058
251.3,3.578023
251.4,3.512239
251.5,3.447685
251.6,3.384336
251.7,3.32217
251.8,3.261165
251.9,3.2013
252,3.142552
252.1,3.084902
252.2,3.028328
252.3,2.972811
252.4,2.918331
252.5,2.864868
252.6,2.812404
252.7,2.760919
252.8,2.710396
252.9,2.660816
253,2.612162
253.1,2.564417
253.2,2.517563
253.3,2.471584
253.4,2.426463
253.5,2.382185
253.6,2.338734
253.7,2.296094
253.8,2.25425
253.9,2.213187
254,2.172891
254.1,2.133348
254.2,2.094542
254.3,2.056461
254.4,2.019091
254.5,1.982419
254.6,1.946431
254.7,1.911115
254.8,1.876458
254.9,1.842448
255,1.809073
255.1,1.776321
255.2,1.74418
255.3,1.712639
255.4,1.681687
255.5,1.651313
255.6,1.621505
255.7,1.592254
255.8,1.563548
255.9,1.535379
256,1.507735
256.1,1.480606
256.2,1.453984
256.3,1.427859
256.4,1.402221
256.5,1.377062
256.6,1.352372
256.7,1.328142
256.8,1.304365
256.9,1.281031
257,1.258133
257.1,1.235662
257.2,1.213609
257.3,1.191969
257.4,1.170732
257.5,1.149891
257.6,1.129438
257.7,1.109367
257.8,1.089671
257.9,1.070341
258,1.051373
258.1,1.032757
258.2,1.014489
258.3,0.996562
258.4,0.978969
258.5,0.961704
258.6,0.94476
258.7,0.928133
258.8,0.911816
258.9,0.895802
259,0.880087
259.1,0.864665
259.2,0.849531
259.3,0.834678
259.4,0.820103
259.5,0.805798
259.6,0.791761
259.7,0.777985
259.8,0.764465
259.9,0.751198
260,0.738178
260.1,0.7254
260.2,0.71286
260.3,0.700554
260.4,0.688476
260.5,0.676624
260.6,0.664993
260.7,0.653578
260.8,0.642375
260.9,0.631382
261,0.620592
261.1,0.610004
261.2,0.599613
261.3,0.589415
261.4,0.579407
261.5,0.569585
261.6,0.559946
261.7,0.550486
261.8,0.541202
261.9,0.532091
262,0.523149
262.1,0.514374
262.2,0.505762
262.3,0.49731
262.4,0.489015
262.5,0.480874
262.6,0.472885
262.7,0.465044
262.8,0.457349
262.9,0.449797
263,0.442385
263.1,0.435111
263.2,0.427972
263.3,0.420966
263.4,0.41409
263.5,0.407342
263.6,0.400718
263.7,0.394218
263.8,0.387839
263.9,0.381578
264,0.375433
264.1,0.369402
264.2,0.363483
264.3,0.357674
264.4,0.351972
264.5,0.346377
264.6,0.340885
264.7,0.335495
264.8,0.330205
264.9,0.325013
265,0.319917
265.1,0.314915
265.2,0.310007
265.3,0.305189
265.4,0.30046
265.5,0.295819
265.6,0.291264
265.7,0.286793
265.8,0.282405
265.9,0.278098
266,0.273871
266.1,0.269722
266.2,0.26565
266.3,0.261653
266.4,0.25773
266.5,0.25388
266.6,0.2501
266.7,0.246391
266.8,0.24275
266.9,0.239176
267,0.235668
267.1,0.232225
267.2,0.228846
267.3,0.225528
267.4,0.222272
267.5,0.219077
267.6,0.21594
267.7,0.21286
267.8,0.209838
267.9,0.206871
268,0.203959
268.1,0.201101
268.2,0.198295
268.3,0.195541
268.4,0.192837
268.5,0.190183
268.6,0.187578
268.7,0.185021
268.8,0.182511
268.9,0.180047
269,0.177628
269.1,0.175254
269.2,0.172923
269.3,0.170635
269.4,0.168389
269.5,0.166184
269.6,0.164019
269.7,0.161895
269.8,0.159809
269.9,0.157761
270,0.155751
270.1,0.153777
270.2,0.15184
270.3,0.149938
270.4,0.148071
270.5,0.146237
270.6,0.144438
270.7,0.142671
270.8,0.140936
270.9,0.139233
271,0.137561
271.1,0.13592
271.2,0.134308
271.3,0.132726
271.4,0.131173
271.5,0.129647
271.6,0.12815
271.7,0.12668
271.8,0.125236
271.9,0.123818
272,0.122427
272.1,0.12106
272.2,0.119718
272.3,0.118401
272.4,0.117107
272.5,0.115837
272.6,0.11459
272.7,0.113365
272.8,0.112162
272.9,0.110981
273,0.109822
273.1,0.108683
273.2,0.107565
273.3,0.106466
273.4,0.105388
273.5,0.104329
273.6,0.103289
273.7,0.102267
273.8,0.101264
273.9,0.100279
274,0.099312
274.1,0.098362
274.2,0.097428
274.3,0.096512
274.4,0.095612
274.5,0.094728
274.6,0.093859
274.7,0.093006
274.8,0.092169
274.9,0.091346
275,0.090537
275.1,0.089744
275.2,0.088964
275.3,0.088198
275.4,0.087445
275.5,0.086706
275.6,0.08598
275.7,0.085266
275.8,0.084565
275.9,0.083877
276,0.083201
276.1,0.082536
276.2,0.081883
276.3,0.081242
276.4,0.080612
276.5,0.079992
276.6,0.079384
276.7,0.078786
276.8,0.078199
276.9,0.077622
277,0.077055
277.1,0.076497
277.2,0.07595
277.3,0.075412
277.4,0.074883
277.5,0.074363
277.6,0.073852
277.7,0.07335
277.8,0.072857
277.9,0.072372
278,0.071895
278.1,0.071427
278.2,0.070966
278.3,0.070514
278.4,0.070069
278.5,0.069632
278.6,0.069202
278.7,0.068779
278.8,0.068363
278.9,0.067955
279,0.067553
279.1,0.067159
279.2,0.06677
279.3,0.066389
279.4,0.066013
279.5,0.065644
279.6,0.065281
279.7,0.064925
279.8,0.064574
279.9,0.064228
280,0.063889
280.1,0.063555
280.2,0.063227
280.3,0.062904
280.4,0.062586
280.5,0.062274
280.6,0.061967
280.7,0.061664
280.8,0.061367
280.9,0.061074
281,0.060786
281.1,0.060503
281.2,0.060224
281.3,0.05995
281.4,0.05968
281.5,0.059415
281.6,0.059153
281.7,0.058896
281.8,0.058643
281.9,0.058394
282,0.058149
282.1,0.057908
282.2,0.05767
282.3,0.057436
282.4,0.057206
282.5,0.056979
282.6,0.056756
282.7,0.056537
282.8,0.05632
282.9,0.056107
283,0.055898
283.1,0.055691
283.2,0.055488
283.3,0.055287
283.4,0.05509
283.5,0.054896
283.6,0.054704
283.7,0.054516
283.8,0.05433
283.9,0.054147
284,0.053967
284.1,0.053789
284.2,0.053614
284.3,0.053441
284.4,0.053271
284.5,0.053104
284.6,0.052938
284.7,0.052776
284.8,0.052615
284.9,0.052457
285,0.052301
285.1,0.052147
285.2,0.051996
285.3,0.051846
285.4,0.051699
285.5,0.051554
285.6,0.05141
285.7,0.051269
285.8,0.05113
285.9,0.050992
286,0.050856
286.1,0.050722
286.2,0.05059
286.3,0.05046
286.4,0.050332
286.5,0.050205
286.6,0.050079
286.7,0.049956
286.8,0.049834
286.9,0.049713
287,0.049595
287.1,0.049477
287.2,0.049361
287.3,0.049247
287.4,0.049134
287.5,0.049023
287.6,0.048912
287.7,0.048804
287.8,0.048696
287.9,0.04859
288,0.048485
288.1,0.048382
288.2,0.048279
288.3,0.048178
288.4,0.048078
288.5,0.047979
288.6,0.047882
288.7,0.047785
288.8,0.04769
288.9,0.047596
289,0.047502
289.1,0.04741
289.2,0.047319
289.3,0.047229
289.4,0.04714
289.5,0.047052
289.6,0.046964
289.7,0.046878
289.8,0.046793
289.9,0.046708
290,0.046625
290.1,0.046542
290.2,0.04646
290.3,0.046379
290.4,0.046299
290.5,0.04622
290.6,0.046141
290.7,0.046064
290.8,0.045987
290.9,0.045911
291,0.045835
291.1,0.04576
291.2,0.045686
291.3,0.045613
291.4,0.045541
291.5,0.045469
291.6,0.045397
291.7,0.045327
291.8,0.045257
291.9,0.045187
292,0.045119
292.1,0.045051
292.2,0.044983
292.3,0.044916
292.4,0.04485
292.5,0.044784
292.6,0.044719
292.7,0.044654
292.8,0.04459
292.9,0.044527
293,0.044463
293.1,0.044401
293.2,0.044339
293.3,0.044277
293.4,0.044216
293.5,0.044156
293.6,0.044095
293.7,0.044036
293.8,0.043976
293.9,0.043918
294,0.043859
294.1,0.043801
294.2,0.043744
294.3,0.043687
294.4,0.04363
294.5,0.043574
294.6,0.043518
294.7,0.043462
294.8,0.043407
294.9,0.043353
295,0.043298
295.1,0.043244
295.2,0.04319
295.3,0.043137
295.4,0.043084
295.5,0.043031
295.6,0.042979
295.7,0.042927
295.8,0.042875
295.9,0.042824
296,0.042773
296.1,0.042722
296.2,0.042672
296.3,0.042622
296.4,0.042572
296.5,0.042522
296.6,0.042473
296.7,0.042424
296.8,0.042375
296.9,0.042327
297,0.042278
297.1,0.04223
297.2,0.042183
297.3,0.042135
297.4,0.042088
297.5,0.042041
297.6,0.041994
297.7,0.041947
297.8,0.041901
297.9,0.041855
298,0.041809
298.1,0.041764
298.2,0.041718
298.3,0.041673
298.4,0.041628
298.5,0.041583
298.6,0.041538
298.7,0.041494
298.8,0.04145
298.9,0.041406
299,0.041362
299.1,0.041318
299.2,0.041275
299.3,0.041231
299.4,0.041188
299.5,0.041145
299.6,0.041103
299.7,0.04106
299.8,0.041017
299.9,0.040975
300,0.040933
